INSERT INTO account (id, username, password, token_version, created_at, updated_at) VALUES
('11111111-1111-1111-1111-111111111111', 'john_doe', 'password123', 1, '2024-01-01 10:00:00+00', '2024-01-01 10:00:00+00'),
('22222222-2222-2222-2222-222222222222', 'jane_smith', 'securepass456', 1, '2024-01-02 11:30:00+00', '2024-01-02 11:30:00+00'),
('33333333-3333-3333-3333-333333333333', 'alex_wilson', 'strongpass789', 1, '2024-01-03 09:15:00+00', '2024-01-03 09:15:00+00'),
('44444444-4444-4444-4444-444444444444', 'emily_brown', 'pass12345678', 1, '2024-01-04 14:20:00+00', '2024-01-04 14:20:00+00'),
('55555555-5555-5555-5555-555555555555', 'mike_jones', 'mikepass1234', 2, '2024-01-05 16:45:00+00', '2024-01-05 16:45:00+00');

INSERT INTO block_type (id, name) VALUES
(1, 'text'),
(2, 'header'),
(3, 'code'),
(4, 'qoute'),
(5, 'list'),
(6, 'image'),
(7, 'video'),
(8, 'table'),
(9, 'checklist');

INSERT INTO note (id, user_id, title, parent_id, created_at, updated_at) VALUES
('a1111111-1111-1111-1111-111111111111', '11111111-1111-1111-1111-111111111111', 'Личный дневник', NULL, '2024-01-10 09:00:00+00', '2024-01-10 09:00:00+00'),
('a2222222-2222-2222-2222-222222222222', '11111111-1111-1111-1111-111111111111', 'Рабочие проекты', NULL, '2024-01-11 10:30:00+00', '2024-01-11 10:30:00+00'),
('a3333333-3333-3333-3333-333333333333', '11111111-1111-1111-1111-111111111111', 'Заметки с митинга', 'a2222222-2222-2222-2222-222222222222', '2024-01-12 14:15:00+00', '2024-01-12 14:15:00+00'),
('a4444444-4444-4444-4444-444444444444', '22222222-2222-2222-2222-222222222222', 'Кулинарная книга', NULL, '2024-01-13 11:00:00+00', '2024-01-13 11:00:00+00'),
('a5555555-5555-5555-5555-555555555555', '22222222-2222-2222-2222-222222222222', 'Любимые рецепты', 'a4444444-4444-4444-4444-444444444444', '2024-01-14 12:20:00+00', '2024-01-14 12:20:00+00'),
('a6666666-6666-6666-6666-666666666666', '33333333-3333-3333-3333-333333333333', 'Изучение Go', NULL, '2024-01-15 15:30:00+00', '2024-01-15 15:30:00+00'),
('a7777777-7777-7777-7777-777777777777', '44444444-4444-4444-4444-444444444444', 'Планы путешествий', NULL, '2024-01-16 08:45:00+00', '2024-01-16 08:45:00+00'),
('a8888888-8888-8888-8888-888888888888', '55555555-5555-5555-5555-555555555555', 'Список книг для чтения', NULL, '2024-01-17 19:00:00+00', '2024-01-17 19:00:00+00');

INSERT INTO block (id, note_id, position, block_type_id, content, created_at, updated_at) VALUES
('b1111111-1111-1111-1111-111111111111', 'a1111111-1111-1111-1111-111111111111', 0, 2, 'Мой первый день в новом году', '2024-01-10 09:01:00+00', '2024-01-10 09:01:00+00'),
('b2222222-2222-2222-2222-222222222222', 'a1111111-1111-1111-1111-111111111111', 1, 1, 'Сегодня был отличный день! Начал заниматься спортом и прочитал 50 страниц книги.', '2024-01-10 09:02:00+00', '2024-01-10 09:02:00+00'),
('b3333333-3333-3333-3333-333333333333', 'a1111111-1111-1111-1111-111111111111', 2, 9, 'Пробежка утром', '2024-01-10 09:03:00+00', '2024-01-10 09:03:00+00'),
('b4444444-4444-4444-4444-444444444444', 'a2222222-2222-2222-2222-222222222222', 0, 2, 'Текущие проекты 2024', '2024-01-11 10:31:00+00', '2024-01-11 10:31:00+00'),
('b5555555-5555-5555-5555-555555555555', 'a2222222-2222-2222-2222-222222222222', 1, 5, 'Разработка нового API', '2024-01-11 10:32:00+00', '2024-01-11 10:32:00+00'),
('b6666666-6666-6666-6666-666666666666', 'a2222222-2222-2222-2222-222222222222', 2, 5, 'Рефакторинг базы данных', '2024-01-11 10:33:00+00', '2024-01-11 10:33:00+00'),
('b7777777-7777-7777-7777-777777777777', 'a3333333-3333-3333-3333-333333333333', 0, 2, 'Еженедельный митинг 12.01', '2024-01-12 14:16:00+00', '2024-01-12 14:16:00+00'),
('b8888888-8888-8888-8888-888888888888', 'a3333333-3333-3333-3333-333333333333', 1, 5, 'Обсуждение архитектуры микросервисов', '2024-01-12 14:17:00+00', '2024-01-12 14:17:00+00'),
('b9999999-9999-9999-9999-999999999999', 'a4444444-4444-4444-4444-444444444444', 0, 2, 'Основные блюда', '2024-01-13 11:01:00+00', '2024-01-13 11:01:00+00'),
('baaaaaaa-aaaa-aaaa-aaaa-aaaaaaaaaaaa', 'a4444444-4444-4444-4444-444444444444', 1, 4, 'Хорошая еда - это основа счастливой жизни', '2024-01-13 11:02:00+00', '2024-01-13 11:02:00+00'),
('bbbbbbbb-bbbb-bbbb-bbbb-bbbbbbbbbbbb', 'a5555555-5555-5555-5555-555555555555', 0, 2, 'Паста карбонара', '2024-01-14 12:21:00+00', '2024-01-14 12:21:00+00'),
('bccccccc-cccc-cccc-cccc-cccccccccccc', 'a5555555-5555-5555-5555-555555555555', 1, 5, 'Спагетти - 200г', '2024-01-14 12:22:00+00', '2024-01-14 12:22:00+00'),
('bddddddd-dddd-dddd-dddd-dddddddddddd', 'a5555555-5555-5555-5555-555555555555', 2, 5, 'Яйца - 3 шт', '2024-01-14 12:23:00+00', '2024-01-14 12:23:00+00'),
('beeeeeee-eeee-eeee-eeee-eeeeeeeeeeee', 'a6666666-6666-6666-6666-666666666666', 0, 2, 'Основы Go', '2024-01-15 15:31:00+00', '2024-01-15 15:31:00+00'),
('bfffffff-ffff-ffff-ffff-ffffffffffff', 'a6666666-6666-6666-6666-666666666666', 1, 3, 'package main

import "fmt"

func main() {
    fmt.Println("Hello, World!")
}', '2024-01-15 15:32:00+00', '2024-01-15 15:32:00+00'),
('b0000000-0000-0000-0000-000000000001', 'a7777777-7777-7777-7777-777777777777', 0, 2, 'Поездка в Японию 2024', '2024-01-16 08:46:00+00', '2024-01-16 08:46:00+00'),
('b0000000-0000-0000-0000-000000000002', 'a7777777-7777-7777-7777-777777777777', 1, 5, 'Токио - 3 дня', '2024-01-16 08:47:00+00', '2024-01-16 08:47:00+00'),
('b0000000-0000-0000-0000-000000000003', 'a7777777-7777-7777-7777-777777777777', 2, 5, 'Киото - 2 дня', '2024-01-16 08:48:00+00', '2024-01-16 08:48:00+00'),
('b0000000-0000-0000-0000-000000000004', 'a8888888-8888-8888-8888-888888888888', 0, 2, 'Техническая литература', '2024-01-17 19:01:00+00', '2024-01-17 19:01:00+00'),
('b0000000-0000-0000-0000-000000000005', 'a8888888-8888-8888-8888-888888888888', 1, 1, 'Clean Code - Роберт Мартин', '2024-01-17 19:02:00+00', '2024-01-17 19:02:00+00'),
('b0000000-0000-0000-0000-000000000006', 'a8888888-8888-8888-8888-888888888888', 2, 1, 'The Pragmatic Programmer', '2024-01-17 19:03:00+00', '2024-01-17 19:03:00+00');

INSERT INTO block_state (id, block_id, formatting, created_at, updated_at) VALUES
('c1111111-1111-1111-1111-111111111111', 'b1111111-1111-1111-1111-111111111111', '{"bold": true, "fontSize": 28, "color": "#2c3e50"}', '2024-01-10 09:01:00+00', '2024-01-10 09:01:00+00'),
('c2222222-2222-2222-2222-222222222222', 'b2222222-2222-2222-2222-222222222222', '{"fontFamily": "Arial", "lineHeight": 1.6, "color": "#34495e"}', '2024-01-10 09:02:00+00', '2024-01-10 09:02:00+00'),
('c3333333-3333-3333-3333-333333333333', 'b3333333-3333-3333-3333-333333333333', '{"checked": true, "bulletStyle": "checkbox"}', '2024-01-10 09:03:00+00', '2024-01-10 09:03:00+00'),
('c4444444-4444-4444-4444-444444444444', 'b4444444-4444-4444-4444-444444444444', '{"bold": true, "fontSize": 24, "alignment": "center"}', '2024-01-11 10:31:00+00', '2024-01-11 10:31:00+00'),
('c5555555-5555-5555-5555-555555555555', 'b7777777-7777-7777-7777-777777777777', '{"bold": true, "backgroundColor": "#f1c40f"}', '2024-01-12 14:16:00+00', '2024-01-12 14:16:00+00'),
('c6666666-6666-6666-6666-666666666666', 'baaaaaaa-aaaa-aaaa-aaaa-aaaaaaaaaaaa', '{"italic": true, "author": "Джулия Чайлд", "borderLeft": "3px solid #e67e22"}', '2024-01-13 11:02:00+00', '2024-01-13 11:02:00+00'),
('c7777777-7777-7777-7777-777777777777', 'bbbbbbbb-bbbb-bbbb-bbbb-bbbbbbbbbbbb', '{"bold": true, "color": "#27ae60"}', '2024-01-14 12:21:00+00', '2024-01-14 12:21:00+00'),
('c8888888-8888-8888-8888-888888888888', 'bfffffff-ffff-ffff-ffff-ffffffffffff', '{"language": "go", "theme": "monokai", "lineNumbers": true, "highlightLines": [5]}', '2024-01-15 15:32:00+00', '2024-01-15 15:32:00+00'),
('c9999999-9999-9999-9999-999999999999', 'b0000000-0000-0000-0000-000000000001', '{"bold": true, "fontSize": 26, "color": "#8e44ad"}', '2024-01-16 08:46:00+00', '2024-01-16 08:46:00+00'),
('caaaaaaa-aaaa-aaaa-aaaa-aaaaaaaaaaaa', 'b0000000-0000-0000-0000-000000000004', '{"bold": true, "color": "#2980b9"}', '2024-01-17 19:01:00+00', '2024-01-17 19:01:00+00'),
('cbbbbbbb-bbbb-bbbb-bbbb-bbbbbbbbbbbb', 'b0000000-0000-0000-0000-000000000005', '{"fontStyle": "italic", "color": "#16a085"}', '2024-01-17 19:02:00+00', '2024-01-17 19:02:00+00');
